<?xml version='1.0' encoding='utf-8' ?>
<!DOCTYPE document SYSTEM "file:////opt/Xilinx/14.7/ISE_DS/ISE/xbr/data/xmlReportxbr.dtd">
<document><ascFile>Circuit.rpt</ascFile><devFile>/opt/Xilinx/14.7/ISE_DS/ISE/xbr/data/xc2c32a.chp</devFile><mfdFile>Circuit.mfd</mfdFile><htmlFile logic_legend="logiclegend.htm" logo="coolrunnerII_logo.jpg" pin_legend="pinlegend.htm"/><header date=" 9- 9-2023" design="Circuit" device="XC2C32A" eqnType="0" pkg="VQ44" speed="-6" status="1" statusStr="Successful" swVersion="P.20131013" time="  4:47PM" version="1.0"/><inputs id="inReset" userloc="S:PIN2"/><pin id="FB1_MC1_PIN38" pinnum="38"/><pin id="FB1_MC2_PIN37" pinnum="37"/><pin id="FB1_MC3_PIN36" pinnum="36"/><pin id="FB1_MC4_PIN34" pinnum="34"/><pin id="FB1_MC5_PIN33" pinnum="33"/><pin id="FB1_MC6_PIN32" pinnum="32"/><pin id="FB1_MC7_PIN31" pinnum="31"/><pin id="FB1_MC8_PIN30" pinnum="30"/><pin id="FB1_MC9_PIN29" pinnum="29"/><pin id="FB1_MC10_PIN28" pinnum="28"/><pin id="FB1_MC11_PIN27" pinnum="27"/><pin id="FB1_MC12_PIN23" pinnum="23"/><pin id="FB1_MC13_PIN22" pinnum="22"/><pin id="FB1_MC14_PIN21" pinnum="21"/><pin id="FB1_MC15_PIN20" pinnum="20"/><pin id="FB1_MC16_PIN19" pinnum="19"/><pin id="FB2_MC1_PIN39" pinnum="39"/><pin id="FB2_MC2_PIN40" pinnum="40"/><pin id="FB2_MC3_PIN41" pinnum="41"/><pin id="FB2_MC4_PIN42" pinnum="42"/><pin id="FB2_MC5_PIN43" pinnum="43"/><pin id="FB2_MC6_PIN44" pinnum="44"/><pin id="FB2_MC7_PIN1" pinnum="1"/><pin id="FB2_MC8_PIN2" iostd="LVCMOS18" iostyle="KPR" pinnum="2" signal="inReset" use="I"/><pin id="FB2_MC9_PIN3" iostd="LVCMOS18" pinnum="3" signal="oQ0" use="O"/><pin id="FB2_MC10_PIN5" iostd="LVCMOS18" pinnum="5" signal="oQ1" use="O"/><pin id="FB2_MC11_PIN6" iostd="LVCMOS18" pinnum="6" signal="oQ2" use="O"/><pin id="FB2_MC12_PIN8" pinnum="8"/><pin id="FB2_MC13_PIN12" pinnum="12"/><pin id="FB2_MC14_PIN13" pinnum="13"/><pin id="FB2_MC15_PIN14" pinnum="14"/><pin id="FB2_MC16_PIN16" pinnum="16"/><pin id="FB_PIN35" pinnum="35" use="VCCAUX"/><pin id="FB_PIN7" pinnum="7" use="VCCIO-1.8"/><pin id="FB_PIN15" pinnum="15" use="VCC"/><pin id="FB_PIN26" pinnum="26" use="VCCIO-UNUSED"/><fblock id="FB1" pinUse="0"><macrocell id="FB1_MC1" pin="FB1_MC1_PIN38"/><macrocell id="FB1_MC2" pin="FB1_MC2_PIN37"/><macrocell id="FB1_MC3" pin="FB1_MC3_PIN36"/><macrocell id="FB1_MC4" pin="FB1_MC4_PIN34"/><macrocell id="FB1_MC5" pin="FB1_MC5_PIN33"/><macrocell id="FB1_MC6" pin="FB1_MC6_PIN32"/><macrocell id="FB1_MC7" pin="FB1_MC7_PIN31"/><macrocell id="FB1_MC8" pin="FB1_MC8_PIN30"/><macrocell id="FB1_MC9" pin="FB1_MC9_PIN29"/><macrocell id="FB1_MC10" pin="FB1_MC10_PIN28"/><macrocell id="FB1_MC11" pin="FB1_MC11_PIN27"/><macrocell id="FB1_MC12" pin="FB1_MC12_PIN23"/><macrocell id="FB1_MC13" pin="FB1_MC13_PIN22"/><macrocell id="FB1_MC14" pin="FB1_MC14_PIN21"/><macrocell id="FB1_MC15" pin="FB1_MC15_PIN20"/><macrocell id="FB1_MC16" pin="FB1_MC16_PIN19"/><PAL/></fblock><fblock id="FB2" pinUse="4"><macrocell id="FB2_MC1" pin="FB2_MC1_PIN39"/><macrocell id="FB2_MC2" pin="FB2_MC2_PIN40"/><macrocell id="FB2_MC3" pin="FB2_MC3_PIN41"/><macrocell id="FB2_MC4" pin="FB2_MC4_PIN42"/><macrocell id="FB2_MC5" pin="FB2_MC5_PIN43"/><macrocell id="FB2_MC6" pin="FB2_MC6_PIN44"/><macrocell id="FB2_MC7" pin="FB2_MC7_PIN1"/><macrocell id="FB2_MC8" pin="FB2_MC8_PIN2"/><macrocell id="FB2_MC9" pin="FB2_MC9_PIN3" sigUse="1" signal="oQ0"/><macrocell id="FB2_MC10" pin="FB2_MC10_PIN5" sigUse="1" signal="oQ1"/><macrocell id="FB2_MC11" pin="FB2_MC11_PIN6" sigUse="1" signal="oQ2"/><macrocell id="FB2_MC12" pin="FB2_MC12_PIN8"/><macrocell id="FB2_MC13" pin="FB2_MC13_PIN12"/><macrocell id="FB2_MC14" pin="FB2_MC14_PIN13"/><macrocell id="FB2_MC15" pin="FB2_MC15_PIN14"/><macrocell id="FB2_MC16" pin="FB2_MC16_PIN16"/><fbinput id="FB2_I1" signal="inReset"/><PAL><pterm id="FB2_4"/><pterm id="FB2_6"><signal id="inReset" negated="ON"/></pterm></PAL><bct id="FB2_bct4" use="CTC"><eq_pterm ptindx="FB2_4"/></bct><bct id="FB2_bct6" use="CTS"><eq_pterm ptindx="FB2_6"/></bct><equation id="oQ0" regUse="DFF"><d2><eq_pterm ptindx="GND"/></d2><clk><eq_pterm ptindx="GND"/></clk><set><eq_pterm ptindx="FB2_6"/></set><prld ptindx="GND"/></equation><equation id="oQ1" regUse="DFF"><d2><eq_pterm ptindx="GND"/></d2><clk><eq_pterm ptindx="GND"/></clk><set><eq_pterm ptindx="FB2_6"/></set><prld ptindx="GND"/></equation><equation id="oQ2" regUse="DFF"><d2><eq_pterm ptindx="GND"/></d2><clk><eq_pterm ptindx="GND"/></clk><set><eq_pterm ptindx="FB2_6"/></set><prld ptindx="GND"/></equation></fblock><vcc/><gnd/><messages><warning>Cpld - Unable to retrieve the path to the iSE Project Repository. Will   use the default filename of 'Circuit.ise'.</warning></messages><compOpts blkfanin="38" datagate="ON" exhaust="OFF" gclkopt="ON" gsropt="ON" gtsopt="ON" ignoredg="OFF" ignorets="OFF" inputs="32" inreg="ON" iostd="LVCMOS18" keepio="OFF" loc="ON" mlopt="ON" optimize="SPEED" part="XC2C32A-6-VQ44" prld="LOW" pterms="28" slew="FAST" terminate="KEEPER" unused="KEEPER" wysiwyg="OFF"/></document>
